Keyword,Question,Answer
fee,What is the admission processing fee?,The admission processing fee is PKR 3000 (non-refundable). Semester tuition fee varies by program.
admission start,When does admission start?,Fall 2026 admissions open from 1 June 2026.
last date,What is the last date to apply?,The last date to submit the admission application is 31 July 2026.
hostel,Is hostel available?,"Yes, limited hostel accommodation is available for outstation students on a first-come-first-served basis."
transport,Is transport available?,"Yes, university bus service covers major routes across Islamabad and Rawalpindi."
scholarship,Is there any scholarship available?,"Yes, both merit-based and need-based scholarships are available. See the Scholarships sheet for details."
entry test,Is the NU entry test required?,"Yes, candidates must pass the NU Entry Test, or provide a valid NTS/SAT score as an alternative."
transcript,How can I get my transcript?,Transcripts can be requested from the Academics Office by submitting a request form and paying the applicable fee.
deferral,Can I defer my admission?,"Yes, admission deferral is allowed once per academic year with approval from the Admissions Office."
