Policy,Details
Attendance,Minimum 80% attendance is required to be eligible to sit in the final examination.
Dress Code,Formal or semi-formal dress code is required; sportswear is not allowed in regular classes.
CGPA Probation,Students with CGPA below 1.7 are placed on academic probation.
Freeze Semester,Semester freeze is allowed once during the degree with Dean's approval and a valid reason.
Refund Policy,Full fee refund if withdrawal happens before classes start; partial refund thereafter as per HEC policy.
Migration Policy,Migration between FAST-NUCES campuses is allowed subject to seat availability and approval.
Transfer Policy,Credit transfer from another HEC recognized university is allowed subject to equivalence evaluation.
Repeat Course Policy,Students may repeat a course to improve their grade; the better of the two grades is counted in CGPA.
Examination Rules,Unfair means in examinations result in disciplinary action ranging from F grade to expulsion.
